{
    "loss": 16.559812545776367,
    "accuracy": 0.4313725531101227
}